{"cameraMode":{"drawMode":0,"name":"Shaded","section":"Shading Mode"},"sceneLighting":true,"audioPlay":false,"sceneViewState":{"m_AlwaysRefresh":false,"showFog":true,"showSkybox":true,"showFlares":true,"showImageEffects":true,"showParticleSystems":true,"showVisualEffectGraphs":true,"m_FxEnabled":true},"in2DMode":false,"pivot":{"x":-0.3459092974662781,"y":1.9433841705322266,"z":0.18250679969787599},"rotation":{"x":-0.32220521569252016,"y":-0.06327435374259949,"z":0.02159542217850685,"w":-0.9443458318710327},"size":20.974227905273439,"orthographic":false}